{"temp_chunk_0": [-52.57215118408203, 41.957862854003906], "temp_chunk_100": [-49.075435638427734, 39.38055419921875], "temp_chunk_200": [-44.871124267578125, 35.753814697265625], "temp_chunk_300": [-65.24329376220703, 40.69905471801758], "temp_chunk_400": [-46.46812438964844, 30.671142578125], "temp_chunk_500": [-43.875789642333984, 13.561457633972168], "temp_chunk_600": [-47.62202072143555, 14.40027141571045], "temp_chunk_700": [-37.090965270996094, 7.316229820251465], "temp_chunk_800": [-42.427818298339844, 14.298197746276855], "temp_chunk_900": [-49.00556564331055, 27.134464263916016], "temp_chunk_1000": [-31.725635528564453, 24.33938217163086], "temp_chunk_1100": [12.782825469970703, -12.647592544555664], "temp_chunk_1200": [20.116910934448242, -19.49579429626465], "temp_chunk_1300": [18.737560272216797, -19.450151443481445], "temp_chunk_1400": [15.721940994262695, -14.783982276916504], "temp_chunk_1500": [17.85883331298828, -14.947759628295898], "temp_chunk_1600": [17.73952293395996, -15.27549934387207], "temp_chunk_1700": [22.293947219848633, -23.504514694213867], "temp_chunk_1800": [6.023069381713867, -14.544981002807617], "temp_chunk_1900": [20.62334632873535, -22.607009887695312], "temp_chunk_2000": [9.795700073242188, -11.803525924682617], "temp_chunk_2100": [-12.341291427612305, 13.207630157470703], "temp_chunk_2200": [14.753812789916992, -13.414424896240234], "temp_chunk_2300": [-13.562955856323242, 12.064847946166992], "temp_chunk_2400": [1.8308496475219727, 1.2324455976486206], "temp_chunk_2500": [0.9363669157028198, -1.2713803052902222], "temp_chunk_2600": [42.892215728759766, -35.0691032409668], "temp_chunk_2700": [19.774940490722656, -9.049921035766602], "temp_chunk_2800": [17.7337646484375, -5.613032341003418], "temp_chunk_2900": [9.44140625, 3.0410962104797363], "temp_chunk_3000": [-10.277910232543945, 18.695085525512695], "temp_chunk_3100": [-10.121000289916992, 18.959823608398438], "temp_chunk_3200": [-15.990206718444824, 25.783592224121094], "temp_chunk_3301": [-4.589544296264648, 19.440797805786133]}