{"temp_chunk_0": [-86.89871215820312, 90.86531829833984], "temp_chunk_100": [-87.29381561279297, 99.42142486572266], "temp_chunk_200": [-86.68000793457031, 93.31709289550781], "temp_chunk_300": [-85.02721405029297, 90.18120574951172], "temp_chunk_400": [-80.98528289794922, 89.37992858886719], "temp_chunk_500": [-89.40205383300781, 99.81520080566406], "temp_chunk_600": [-84.83592987060547, 94.84571075439453], "temp_chunk_700": [-93.61664581298828, 102.32453155517578], "temp_chunk_800": [-78.96829223632812, 86.45967864990234], "temp_chunk_900": [-82.43940734863281, 89.8429183959961], "temp_chunk_1000": [-83.49276733398438, 92.3703384399414], "temp_chunk_1101": [-84.69878387451172, 92.11649322509766]}