{"temp_chunk_0": [-37.79880142211914, 32.62592697143555], "temp_chunk_100": [-31.186853408813477, 23.86115074157715], "temp_chunk_200": [-44.346214294433594, 39.240665435791016], "temp_chunk_300": [-23.116710662841797, 15.897268295288086], "temp_chunk_400": [-6.304985046386719, 4.5001349449157715], "temp_chunk_500": [-28.449634552001953, 19.160316467285156], "temp_chunk_600": [-18.14876937866211, 4.500751495361328], "temp_chunk_700": [44.98329544067383, -43.12570571899414], "temp_chunk_800": [52.93418884277344, -52.542903900146484], "temp_chunk_900": [32.56208038330078, -32.77128219604492], "temp_chunk_1000": [20.800840377807617, -20.868864059448242], "temp_chunk_1100": [25.257144927978516, -29.43609046936035], "temp_chunk_1200": [1.0919626951217651, 3.3433001041412354], "temp_chunk_1300": [19.273834228515625, -11.03308391571045], "temp_chunk_1400": [19.398643493652344, -20.634471893310547], "temp_chunk_1500": [5.0765180587768555, -0.9233114719390869], "temp_chunk_1600": [23.65692901611328, -35.069984436035156], "temp_chunk_1700": [-2.692948579788208, -2.3603286743164062], "temp_chunk_1800": [12.273439407348633, -14.453326225280762], "temp_chunk_1900": [13.433929443359375, -17.21094512939453], "temp_chunk_2000": [21.2747802734375, -22.98180389404297], "temp_chunk_2100": [6.898985385894775, -10.6814603805542], "temp_chunk_2200": [25.23426055908203, -25.16606903076172], "temp_chunk_2300": [-8.671976089477539, 4.717809200286865], "temp_chunk_2400": [-16.158498764038086, 4.93105411529541], "temp_chunk_2500": [10.229142189025879, -18.198585510253906], "temp_chunk_2600": [37.58616256713867, -34.89219665527344], "temp_chunk_2701": [23.4160099029541, -21.324790954589844]}