{"temp_opf_0": [5.601001739501953, 0.03586703538894653], "temp_opf_100": [-0.6998156905174255, 2.607987880706787], "temp_opf_200": [-5.735544204711914, 9.976682662963867], "temp_opf_300": [11.027870178222656, -3.1965079307556152], "temp_opf_400": [7.213527679443359, 1.087604284286499], "temp_opf_500": [-16.361591339111328, 21.288772583007812], "temp_opf_600": [-5.189587116241455, 10.280441284179688], "temp_opf_700": [-13.196582794189453, 18.765378952026367], "temp_opf_800": [-16.056365966796875, 21.321544647216797], "temp_opf_900": [-15.825057983398438, 23.437843322753906], "temp_opf_1000": [-16.053319931030273, 21.529762268066406], "temp_opf_1101": [-23.396684646606445, 34.46888732910156]}