{"temp_chunk_0": [-37.67543029785156, 43.344008445739746], "temp_chunk_100": [-42.531256675720215, 37.59561347961426], "temp_chunk_200": [-63.41851997375488, 59.24974822998047], "temp_chunk_300": [-38.060378074645996, 39.50924873352051], "temp_chunk_400": [-9.125055074691772, 18.051696300506592], "temp_chunk_500": [-31.92854642868042, 26.738465785980225], "temp_chunk_600": [-24.71805191040039, 19.37238311767578], "temp_chunk_700": [49.90234899520874, -43.546801805496216], "temp_chunk_800": [62.86940956115723, -56.56539249420166], "temp_chunk_900": [38.069995403289795, -34.32028913497925], "temp_chunk_1000": [0.7365798950195312, 7.43055534362793], "temp_chunk_1100": [13.480582237243652, -8.803459167480469], "temp_chunk_1200": [-15.81926167011261, 34.389204263687134], "temp_chunk_1300": [1.3704872131347656, 15.00157642364502], "temp_chunk_1400": [2.0378971099853516, -5.13725471496582], "temp_chunk_1500": [10.78248119354248, 5.123631238937378], "temp_chunk_1600": [-11.957572937011719, 8.75185775756836], "temp_chunk_1700": [-6.565634727478027, 8.9605712890625], "temp_chunk_1800": [-2.2517948150634766, 6.927586555480957], "temp_chunk_1900": [-16.762088775634766, 17.741802215576172], "temp_chunk_2000": [11.398427963256836, -8.217716217041016], "temp_chunk_2100": [-16.641799449920654, 18.555556297302246], "temp_chunk_2200": [5.942760467529297, 8.144184112548828], "temp_chunk_2300": [-25.22018814086914, 26.776341915130615], "temp_chunk_2400": [-37.37149620056152, 27.781044960021973], "temp_chunk_2500": [-23.296339988708496, 18.65395736694336], "temp_chunk_2600": [7.536336898803711, -2.2388992309570312], "temp_chunk_2701": [4.815031051635742, 2.3622589111328125]}