{"temp_opf_0": [-20.57881736755371, 24.052783966064453], "temp_opf_100": [21.680465698242188, -8.11369514465332], "temp_opf_200": [-4.676083564758301, 10.983150482177734], "temp_opf_300": [-7.566267490386963, 14.26472282409668], "temp_opf_400": [-3.8274059295654297, 13.262795448303223], "temp_opf_500": [-11.992839813232422, 20.80465316772461], "temp_opf_600": [-21.68321990966797, 27.088863372802734], "temp_opf_700": [-25.17310905456543, 32.10434341430664], "temp_opf_800": [-20.996362686157227, 26.248933792114258], "temp_opf_900": [-0.3996925354003906, 10.272476196289062], "temp_opf_1000": [-21.2008056640625, 28.232513427734375], "temp_opf_1100": [-9.903727531433105, 22.60697364807129], "temp_opf_1200": [-14.029146194458008, 22.375051498413086], "temp_opf_1300": [-24.48628807067871, 30.935081481933594], "temp_opf_1400": [-16.47233772277832, 19.772336959838867], "temp_opf_1500": [5.9524335861206055, -3.8277478218078613], "temp_opf_1600": [2.331104278564453, 3.0001320838928223], "temp_opf_1700": [7.83829927444458, -11.76978874206543], "temp_opf_1800": [-26.753597259521484, 36.20156478881836], "temp_opf_1900": [-27.160816192626953, 36.99441146850586], "temp_opf_2000": [-13.730731964111328, 22.745420455932617], "temp_opf_2100": [4.8167619705200195, 4.571841239929199], "temp_opf_2200": [11.019278526306152, -0.5571501851081848], "temp_opf_2300": [-1.9850996732711792, 9.92590045928955], "temp_opf_2400": [-0.9197976589202881, 11.757930755615234], "temp_opf_2500": [-12.733903884887695, 21.925493240356445], "temp_opf_2600": [10.978919982910156, -5.2263994216918945], "temp_opf_2700": [10.857927322387695, -6.360678672790527], "temp_opf_2800": [-10.596235275268555, 18.833717346191406], "temp_opf_2900": [-12.242805480957031, 19.030803680419922], "temp_opf_3000": [-22.09345054626465, 28.17682647705078], "temp_opf_3100": [-19.894821166992188, 23.428388595581055], "temp_opf_3200": [-18.54206085205078, 24.258358001708984], "temp_opf_3301": [-27.023500442504883, 33.76150131225586]}