{"temp_chunk_0": [42.10686492919922, -50.954776763916016], "temp_chunk_100": [19.639001846313477, -33.58348846435547], "temp_chunk_200": [54.41865921020508, -68.01849365234375], "temp_chunk_300": [30.631303787231445, -37.168373107910156], "temp_chunk_400": [34.979278564453125, -47.094547271728516], "temp_chunk_500": [17.29998779296875, -18.875280380249023], "temp_chunk_600": [26.891254425048828, -21.80837059020996], "temp_chunk_700": [18.360931396484375, -28.609445571899414], "temp_chunk_800": [-5.301314353942871, 1.039712905883789], "temp_chunk_900": [17.116544723510742, -32.64054870605469], "temp_chunk_1000": [5.759486675262451, -16.97235107421875], "temp_chunk_1100": [14.492746353149414, -1.2557713985443115], "temp_chunk_1200": [-24.544055938720703, 16.68584632873535], "temp_chunk_1300": [18.91097640991211, -1.0678088665008545], "temp_chunk_1400": [26.270565032958984, -16.723608016967773]}