{"temp_opf_0": [-8.887636184692383, 21.003442764282227], "temp_opf_100": [3.187932014465332, 4.718557357788086], "temp_opf_200": [2.15640926361084, 3.348390579223633], "temp_opf_300": [-12.733760833740234, 20.013221740722656], "temp_opf_400": [15.028053283691406, -7.422661781311035], "temp_opf_500": [-14.612031936645508, 20.451122283935547], "temp_opf_600": [-22.84197998046875, 28.050613403320312], "temp_opf_700": [-15.061553955078125, 22.618549346923828], "temp_opf_800": [21.15670394897461, -6.677572250366211], "temp_opf_900": [2.892441749572754, 0.20817351341247559], "temp_opf_1000": [13.488582611083984, -4.788142681121826], "temp_opf_1100": [-1.777151346206665, 8.13634967803955], "temp_opf_1200": [18.42571258544922, -5.331872463226318], "temp_opf_1300": [-16.181734085083008, 26.236053466796875], "temp_opf_1400": [-3.770886182785034, 8.274255752563477], "temp_opf_1500": [-7.935914993286133, 11.807622909545898], "temp_opf_1600": [-17.610342025756836, 26.626659393310547], "temp_opf_1700": [-10.942691802978516, 19.31875991821289], "temp_opf_1800": [28.905715942382812, -22.1850643157959], "temp_opf_1901": [-21.670583724975586, 30.172073364257812]}