{"temp_opf_0": [-26.701854705810547, 36.454315185546875], "temp_opf_30": [-17.712989807128906, 26.610698699951172], "temp_opf_60": [-17.981935501098633, 14.215801239013672], "temp_opf_90": [13.40286636352539, -8.066946029663086], "temp_opf_120": [-27.46495819091797, 34.129337310791016], "temp_opf_150": [-12.785646438598633, 20.828004837036133], "temp_opf_180": [-29.504968643188477, 36.56405258178711], "temp_opf_210": [-27.201234817504883, 36.2490348815918], "temp_opf_240": [-28.054359436035156, 35.37483215332031], "temp_opf_270": [-15.440153121948242, 22.951534271240234], "temp_opf_300": [-6.217841148376465, 16.27924346923828], "temp_opf_330": [-0.5265241861343384, 6.796335220336914], "temp_opf_360": [6.420845031738281, 4.221787452697754], "temp_opf_390": [19.47548484802246, -1.9309345483779907], "temp_opf_420": [29.087650299072266, -17.619606018066406], "temp_opf_450": [27.58411407470703, -15.109041213989258], "temp_opf_480": [-24.339468002319336, 29.166183471679688], "temp_opf_510": [-18.759122848510742, 28.984603881835938]}