{"temp_chunk_0": [68.52727127075195, -66.37043571472168], "temp_chunk_100": [22.348604679107666, -31.25852870941162], "temp_chunk_200": [66.26328086853027, -71.05142402648926], "temp_chunk_300": [41.94865131378174, -37.0080064535141], "temp_chunk_400": [36.58411478996277, -37.4511661529541], "temp_chunk_500": [34.24770736694336, -22.02757167816162], "temp_chunk_600": [33.30511426925659, -18.817500591278076], "temp_chunk_700": [47.96965026855469, -48.719120025634766], "temp_chunk_800": [13.541071891784668, -5.56838321685791], "temp_chunk_900": [29.302703857421875, -30.790000438690186], "temp_chunk_1000": [-8.750865459442139, 3.9365577697753906], "temp_chunk_1100": [6.738783359527588, 18.78796410560608], "temp_chunk_1200": [-5.32404899597168, 5.291587829589844], "temp_chunk_1300": [18.340992033481598, 12.120149850845337], "temp_chunk_1400": [57.27413749694824, -34.82059097290039]}