{"temp_chunk_0": [-81.29771041870117, 90.90118533372879], "temp_chunk_100": [-87.9936313033104, 102.02941274642944], "temp_chunk_200": [-92.41555213928223, 103.29377555847168], "temp_chunk_300": [-73.99934387207031, 86.9846978187561], "temp_chunk_400": [-73.77175521850586, 90.46753287315369], "temp_chunk_500": [-105.76364517211914, 121.10397338867188], "temp_chunk_600": [-90.02551698684692, 105.12615203857422], "temp_chunk_700": [-106.81322860717773, 121.08991050720215], "temp_chunk_800": [-95.024658203125, 107.78122329711914], "temp_chunk_900": [-98.26446533203125, 113.28076171875], "temp_chunk_1000": [-99.54608726501465, 113.90010070800781], "temp_chunk_1101": [-108.09546852111816, 126.58538055419922]}