{"temp_opf_0": [0.12337112426757812, 10.7180814743042], "temp_opf_100": [-11.344403266906738, 13.73446273803711], "temp_opf_200": [-19.07230567932129, 20.009082794189453], "temp_opf_300": [-14.9436674118042, 23.611980438232422], "temp_opf_400": [-2.8200700283050537, 13.55156135559082], "temp_opf_500": [-3.478911876678467, 7.578149318695068], "temp_opf_600": [-6.569282531738281, 14.871631622314453], "temp_opf_700": [4.919053554534912, -0.4210960865020752], "temp_opf_800": [9.935220718383789, -4.022488594055176], "temp_opf_900": [5.507915019989014, -1.5490069389343262], "temp_opf_1000": [-20.064260482788086, 28.299419403076172], "temp_opf_1100": [-11.776562690734863, 20.632631301879883], "temp_opf_1200": [-16.911224365234375, 31.0459041595459], "temp_opf_1300": [-17.90334701538086, 26.03466033935547], "temp_opf_1400": [-17.360746383666992, 15.497217178344727], "temp_opf_1500": [5.705963134765625, 6.046942710876465], "temp_opf_1600": [-35.614501953125, 43.821842193603516], "temp_opf_1700": [-3.8726861476898193, 11.320899963378906], "temp_opf_1800": [-14.52523422241211, 21.38091278076172], "temp_opf_1900": [-30.19601821899414, 34.9527473449707], "temp_opf_2000": [-9.876352310180664, 14.764087677001953], "temp_opf_2100": [-23.54078483581543, 29.237016677856445], "temp_opf_2200": [-19.291500091552734, 33.31025314331055], "temp_opf_2300": [-16.5482120513916, 22.05853271484375], "temp_opf_2400": [-21.212997436523438, 22.849990844726562], "temp_opf_2500": [-33.525482177734375, 36.852542877197266], "temp_opf_2600": [-30.04982566833496, 32.653297424316406], "temp_opf_2701": [-18.60097885131836, 23.687049865722656]}