{"temp_chunk_0": [-73.15096855163574, 66.01064682006836], "temp_chunk_100": [-27.394969940185547, 31.26685905456543], "temp_chunk_200": [-49.547207832336426, 46.73696517944336], "temp_chunk_300": [-72.809561252594, 54.96377754211426], "temp_chunk_400": [-50.29553031921387, 43.93393802642822], "temp_chunk_500": [-55.868629455566406, 34.36611080169678], "temp_chunk_600": [-69.30524063110352, 41.489134788513184], "temp_chunk_700": [-62.26407432556152, 39.420573234558105], "temp_chunk_800": [-63.42418098449707, 40.54713153839111], "temp_chunk_900": [-49.40525817871094, 37.40694046020508], "temp_chunk_1000": [-52.92644119262695, 52.571895599365234], "temp_chunk_1100": [2.8790979385375977, 9.959381103515625], "temp_chunk_1200": [6.087764739990234, 2.8792572021484375], "temp_chunk_1300": [-5.748727798461914, 11.484930038452148], "temp_chunk_1400": [-0.750396728515625, 4.988354682922363], "temp_chunk_1500": [23.811266899108887, -18.77550745010376], "temp_chunk_1600": [20.070627212524414, -12.275367259979248], "temp_chunk_1700": [30.132246494293213, -35.2743034362793], "temp_chunk_1800": [-20.730527877807617, 21.656583786010742], "temp_chunk_1900": [-6.537469863891602, 14.387401580810547], "temp_chunk_2000": [-3.9350318908691406, 10.94189453125], "temp_chunk_2100": [-7.524529457092285, 17.779471397399902], "temp_chunk_2200": [25.773091316223145, -13.97157508134842], "temp_chunk_2300": [-15.548055529594421, 21.990748405456543], "temp_chunk_2400": [0.9110519886016846, 12.990376353263855], "temp_chunk_2500": [-11.797536969184875, 20.654112935066223], "temp_chunk_2600": [53.87113571166992, -40.29550266265869], "temp_chunk_2700": [30.63286781311035, -15.410599708557129], "temp_chunk_2800": [7.137529373168945, 13.220685005187988], "temp_chunk_2900": [-2.8013992309570312, 22.071899890899658], "temp_chunk_3000": [-32.371360778808594, 46.87191200256348], "temp_chunk_3100": [-30.01582145690918, 42.38821220397949], "temp_chunk_3200": [-34.532267570495605, 50.04195022583008], "temp_chunk_3301": [-31.61304473876953, 53.20229911804199]}