{"temp_chunk_0": [33.73297119140625, -27.091983795166016], "temp_chunk_30": [40.83601379394531, -37.00471496582031], "temp_chunk_60": [41.62410354614258, -36.015586853027344], "temp_chunk_90": [39.304046630859375, -28.279085159301758], "temp_chunk_120": [30.058767318725586, -21.789588928222656], "temp_chunk_150": [11.358343124389648, 4.292394161224365], "temp_chunk_180": [18.074020385742188, -2.3930931091308594], "temp_chunk_210": [31.904638290405273, -14.204082489013672], "temp_chunk_240": [32.406219482421875, -18.69851303100586], "temp_chunk_270": [39.085968017578125, -23.811279296875], "temp_chunk_300": [29.4854793548584, -17.095172882080078], "temp_chunk_330": [30.7224063873291, -18.226980209350586], "temp_chunk_360": [6.393303871154785, 8.192575454711914], "temp_chunk_390": [10.565635681152344, 2.6407954692840576], "temp_chunk_420": [25.261598587036133, -17.061052322387695], "temp_chunk_450": [16.019882202148438, -1.9345557689666748], "temp_chunk_480": [18.619861602783203, -10.341544151306152], "temp_chunk_510": [37.23671340942383, -19.992172241210938]}