{"temp_chunk_0": [-67.08065032958984, 66.38323211669922], "temp_chunk_100": [-49.230960845947266, 58.811302185058594], "temp_chunk_200": [25.658239364624023, -16.129663467407227], "temp_chunk_300": [18.412364959716797, -17.8343448638916], "temp_chunk_400": [-20.858428955078125, 9.046942710876465], "temp_chunk_500": [-43.53342056274414, 34.170265197753906], "temp_chunk_600": [-30.80945587158203, 28.79367446899414], "temp_chunk_700": [-25.189603805541992, 16.91718292236328], "temp_chunk_800": [11.38568115234375, -12.79707145690918], "temp_chunk_900": [-12.381019592285156, 10.011688232421875], "temp_chunk_1000": [26.677242279052734, -39.68731689453125], "temp_chunk_1100": [-32.22895050048828, 31.284698486328125], "temp_chunk_1200": [-33.03095626831055, 34.094032287597656], "temp_chunk_1300": [-28.000633239746094, 37.419708251953125], "temp_chunk_1400": [-16.384334564208984, 35.73754119873047], "temp_chunk_1500": [-41.841217041015625, 28.389541625976562], "temp_chunk_1600": [-41.933353424072266, 33.39137649536133], "temp_chunk_1700": [-33.54468536376953, 48.69731903076172], "temp_chunk_1800": [5.04622745513916, -1.1731230020523071], "temp_chunk_1901": [-14.995826721191406, 7.803895473480225]}