{"temp_chunk_0": [7.031116485595703, 9.36233139038086], "temp_chunk_30": [23.123023986816406, -10.39401626586914], "temp_chunk_60": [23.642168045043945, -21.799785614013672], "temp_chunk_90": [52.706912994384766, -36.346031188964844], "temp_chunk_120": [2.593809127807617, 12.33974838256836], "temp_chunk_150": [-1.4273033142089844, 25.120398998260498], "temp_chunk_180": [-11.430948257446289, 34.17095947265625], "temp_chunk_210": [4.703403472900391, 22.044952392578125], "temp_chunk_240": [4.351860046386719, 16.676319122314453], "temp_chunk_270": [23.645814895629883, -0.8597450256347656], "temp_chunk_300": [23.267638206481934, -0.8159294128417969], "temp_chunk_330": [30.195882201194763, -11.430644989013672], "temp_chunk_360": [12.814148902893066, 12.414362907409668], "temp_chunk_390": [30.041120529174805, 0.7098609209060669], "temp_chunk_420": [54.3492488861084, -34.6806583404541], "temp_chunk_450": [43.60399627685547, -17.043596982955933], "temp_chunk_480": [-5.719606399536133, 18.824639320373535], "temp_chunk_510": [18.477590560913086, 8.992431640625]}