{"temp_chunk_0": [-75.96828651428223, 87.38667488098145], "temp_chunk_100": [-46.043028831481934, 63.52985954284668], "temp_chunk_200": [27.814648628234863, -12.781272888183594], "temp_chunk_300": [5.6786041259765625, 2.1788768768310547], "temp_chunk_400": [-5.830375671386719, 1.6242809295654297], "temp_chunk_500": [-58.14545249938965, 54.62138748168945], "temp_chunk_600": [-53.65143585205078, 56.84428787231445], "temp_chunk_700": [-40.25115776062012, 39.53573226928711], "temp_chunk_800": [32.54238510131836, -19.47464370727539], "temp_chunk_900": [-9.488577842712402, 10.21986174583435], "temp_chunk_1000": [40.16582489013672, -44.475459575653076], "temp_chunk_1100": [-34.006101846694946, 39.421048164367676], "temp_chunk_1200": [-14.605243682861328, 28.762159824371338], "temp_chunk_1300": [-44.1823673248291, 63.65576171875], "temp_chunk_1400": [-20.15522074699402, 44.011796951293945], "temp_chunk_1500": [-49.77713203430176, 40.19716453552246], "temp_chunk_1600": [-59.5436954498291, 60.018035888671875], "temp_chunk_1700": [-44.48737716674805, 68.01607894897461], "temp_chunk_1800": [33.95194339752197, -23.358187317848206], "temp_chunk_1901": [-36.66641044616699, 37.97596883773804]}