{"temp_opf_0": [26.420406341552734, -15.415658950805664], "temp_opf_100": [2.7096028327941895, 2.3249597549438477], "temp_opf_200": [11.844621658325195, -3.032930374145508], "temp_opf_300": [11.317347526550293, 0.16036665439605713], "temp_opf_400": [1.6048362255096436, 9.643381118774414], "temp_opf_500": [16.94771957397461, -3.1522912979125977], "temp_opf_600": [6.413859844207764, 2.9908699989318848], "temp_opf_700": [29.608718872070312, -20.10967445373535], "temp_opf_800": [18.84238624572754, -6.608096122741699], "temp_opf_900": [12.186159133911133, 1.850548267364502], "temp_opf_1000": [-14.51035213470459, 20.90890884399414], "temp_opf_1100": [-7.753962993621826, 20.04373550415039], "temp_opf_1200": [19.220006942749023, -11.394258499145508], "temp_opf_1300": [-0.5699843764305115, 13.187958717346191], "temp_opf_1400": [31.003572463989258, -18.096982955932617]}